age,id
21.0,40915.0
24.0,52126.0
64.0,37522.0
40.0,50720.0
28.0,55121.0
58.0,43634.0
31.0,37511.0
41.0,37784.0
49.0,28995.0
47.0,33609.0
26.0,35943.0
28.0,57183.0
15.0,59935.0
46.0,28468.0
60.0,37510.0
10.0,55908.0
34.0,34385.0
34.0,59428.0
25.0,40524.0
17.0,34074.0
63.0,40343.0
30.0,31625.0
83.0,39040.0
23.0,58667.0
52.0,40383.0
42.0,39951.0
21.0,33640.0
18.0,51063.0
27.0,34193.0
49.0,39393.0
44.0,59845.0
71.0,39490.0
11.0,59109.0
56.0,28339.0
37.0,52181.0
17.0,56453.0
31.0,53473.0
66.0,40741.0
18.0,40827.0
12.0,56470.0
15.0,39943.0
47.0,31167.0
10.0,56920.0
68.0,56372.0
48.0,40174.0
66.0,33963.0
19.0,37877.0
10.0,52069.0
19.0,38285.0
50.0,43635.0
66.0,39559.0
49.0,37377.0
81.0,35337.0
66.0,39593.0
50.0,39685.0
51.0,40500.0
11.0,37483.0
13.0,38706.0
48.0,39560.0
55.0,37492.0
28.0,10893.0
6.0,58215.0
59.0,37635.0
69.0,39966.0
39.0,54914.0
30.0,30989.0
20.0,53474.0
60.0,32876.0
26.0,39218.0
10.0,57480.0
78.0,53626.0
38.0,53455.0
27.0,39084.0
21.0,59527.0
63.0,59664.0
38.0,58952.0
49.0,44405.0
23.0,35553.0
85.0,53456.0
56.0,44370.0
16.0,35940.0
18.0,53546.0
22.0,56898.0
56.0,54358.0
37.0,53902.0
74.0,37818.0
44.0,43283.0
75.0,34093.0
65.0,28266.0
32.0,51676.0
30.0,51774.0
39.0,31605.0
19.0,44012.0
21.0,43462.0
58.0,33589.0
9.0,56679.0
23.0,60516.0
24.0,58214.0
48.0,33764.0
21.0,54534.0
35.0,37112.0
10.0,58061.0
60.0,51835.0
26.0,33747.0
75.0,28340.0
44.0,28150.0
22.0,33247.0
18.0,59990.0
38.0,58218.0
20.0,38605.0
49.0,28192.0
9.0,58570.0
15.0,55122.0
52.0,37111.0
68.0,54038.0
72.0,39916.0
47.0,52319.0
67.0,51517.0
16.0,52183.0
22.0,44131.0
21.0,51514.0
26.0,33643.0
18.0,52197.0
42.0,59346.0
17.0,31219.0
61.0,39669.0
34.0,56098.0
40.0,51513.0
29.0,53851.0
21.0,34854.0
14.0,59865.0
62.0,53369.0
15.0,35377.0
18.0,33231.0
23.0,28352.0
68.0,27651.0
33.0,56949.0
49.0,38817.0
53.0,28399.0
15.0,55906.0
22.0,52307.0
22.0,54532.0
71.0,40182.0
55.0,28246.0
15.0,31881.0
18.0,38158.0
12.0,37368.0
59.0,39331.0
18.0,51726.0
57.0,28430.0
15.0,43240.0
76.0,40629.0
23.0,53577.0
30.0,55806.0
57.0,37386.0
8.0,55903.0
9.0,55866.0
68.0,60185.0
42.0,58503.0
48.0,28400.0
69.0,39655.0
52.0,37110.0
18.0,51658.0
48.0,53927.0
47.0,44345.0
10.0,55076.0
32.0,54019.0
16.0,56703.0
52.0,39353.0
11.0,27159.0
71.0,29075.0
32.0,60480.0
20.0,28429.0
18.0,37387.0
71.0,54482.0
34.0,43299.0
26.0,38998.0
32.0,37848.0
37.0,37582.0
40.0,56452.0
71.0,58644.0
47.0,53874.0
66.0,44369.0
20.0,29979.0
76.0,28845.0
34.0,29126.0
66.0,38424.0
49.0,39118.0
61.0,40517.0
23.0,39636.0
58.0,39276.0
53.0,53627.0
15.0,51727.0
23.0,29127.0
70.0,38805.0
43.0,40525.0
14.0,52613.0
44.0,29104.0
47.0,34827.0
51.0,33834.0
76.0,60306.0
63.0,31794.0
36.0,55962.0
9.0,31411.0
21.0,28287.0
22.0,50795.0
57.0,59107.0
51.0,28152.0
18.0,44171.0
72.0,53625.0
78.0,38519.0
68.0,52118.0
44.0,35798.0
16.0,43282.0
60.0,39974.0
52.0,40461.0
68.0,39640.0
21.0,51477.0
12.0,53490.0
42.0,28842.0
8.0,58951.0
23.0,57444.0
59.0,28605.0
37.0,57965.0
28.0,60630.0
70.0,40257.0
62.0,38520.0
65.0,39952.0
58.0,33903.0
58.0,39846.0
25.0,43677.0
60.0,38414.0
73.0,54929.0
40.0,35765.0
57.0,37588.0
39.0,54857.0
28.0,43722.0
22.0,57786.0
20.0,32007.0
77.0,29219.0
45.0,40494.0
19.0,51064.0
8.0,56307.0
85.0,40181.0
48.0,35606.0
46.0,43324.0
43.0,35535.0
32.0,29304.0
21.0,37531.0
44.0,38411.0
28.0,43998.0
70.0,40324.0
25.0,56919.0
21.0,38718.0
26.0,52125.0
26.0,59911.0
15.0,55867.0
53.0,55061.0
49.0,51925.0
25.0,60471.0
60.0,40580.0
21.0,35960.0
46.0,50721.0
26.0,57372.0
11.0,40798.0
21.0,58621.0
66.0,30990.0
16.0,34073.0
68.0,52499.0
14.0,53390.0
22.0,60302.0
38.0,52560.0
23.0,40740.0
79.0,44068.0
25.0,54504.0
23.0,43509.0
13.0,37459.0
66.0,51678.0
25.0,38522.0
44.0,43521.0
47.0,52612.0
21.0,33248.0
49.0,37831.0
71.0,59663.0
20.0,37476.0
65.0,33752.0
72.0,58318.0
53.0,37646.0
31.0,50940.0
16.0,60280.0
57.0,28184.0
14.0,58053.0
24.0,35608.0
59.0,52639.0
10.0,60429.0
28.0,51539.0
17.0,58685.0
67.0,60602.0
51.0,31893.0
36.0,43721.0
43.0,53901.0
66.0,40312.0
57.0,51529.0
12.0,35364.0
53.0,37439.0
59.0,28691.0
37.0,39391.0
36.0,35827.0
24.0,37378.0
35.0,59074.0
14.0,56605.0
26.0,28185.0
53.0,43417.0
21.0,57235.0
68.0,40285.0
28.0,60279.0
43.0,53202.0
18.0,51638.0
59.0,39699.0
51.0,29230.0
41.0,37768.0
71.0,39639.0
38.0,51927.0
15.0,51690.0
17.0,44084.0
62.0,35440.0
43.0,28784.0
77.0,39700.0
56.0,37726.0
23.0,31549.0
57.0,59662.0
79.0,39083.0
12.0,59325.0
20.0,54173.0
20.0,43466.0
21.0,43384.0
71.0,50977.0
23.0,23510.0
44.0,37421.0
18.0,38159.0
31.0,37396.0
83.0,19903.0
61.0,13809.0
19.0,28766.0
27.0,39488.0
7.0,55907.0
59.0,54895.0
62.0,30912.0
81.0,35054.0
69.0,51604.0
27.0,33232.0
54.0,37267.0
49.0,35625.0
65.0,40286.0
75.0,40351.0
54.0,29215.0
29.0,52500.0
22.0,28606.0
53.0,50742.0
32.0,40151.0
27.0,52235.0
36.0,55763.0
59.0,31872.0
15.0,27443.0
22.0,27544.0
18.0,30913.0
56.0,57445.0
52.0,60264.0
58.0,40439.0
71.0,44410.0
9.0,43494.0
28.0,43520.0
13.0,57405.0
22.0,35363.0
66.0,33673.0
72.0,60431.0
9.0,56420.0
32.0,60259.0
33.0,52340.0
52.0,39249.0
70.0,54621.0
22.0,35879.0
61.0,51528.0
53.0,43762.0
24.0,39819.0
57.0,33849.0
49.0,40757.0
22.0,60169.0
51.0,40594.0
8.0,53320.0
62.0,38806.0
19.0,38832.0
78.0,51796.0
18.0,52502.0
29.0,38189.0
21.0,53578.0
22.0,55215.0
53.0,44154.0
65.0,60170.0
15.0,51758.0
24.0,37647.0
47.0,50998.0
21.0,38731.0
16.0,43758.0
22.0,43649.0
64.0,28613.0
36.0,35072.0
57.0,39820.0
58.0,37545.0
12.0,39866.0
34.0,59756.0
78.0,60252.0
24.0,28177.0
28.0,38642.0
53.0,51882.0
8.0,55693.0
38.0,56556.0
79.0,40382.0
33.0,53854.0
21.0,54533.0
11.0,18030.0
26.0,28207.0
21.0,44307.0
49.0,35744.0
43.0,59344.0
24.0,39143.0
27.0,60848.0
36.0,30947.0
42.0,45554.0
67.0,52070.0
80.0,58145.0
74.0,33021.0
20.0,53576.0
45.0,40493.0
41.0,33011.0
60.0,28380.0
29.0,45590.0
32.0,54441.0
19.0,29303.0
36.0,55447.0
20.0,29076.0
50.0,40116.0
42.0,38623.0
47.0,39074.0
64.0,53949.0
23.0,29231.0
73.0,28625.0
75.0,44427.0
42.0,34987.0
50.0,32862.0
29.0,38616.0
38.0,37783.0
37.0,56306.0
19.0,28844.0
23.0,40301.0
50.0,39895.0
33.0,39431.0
16.0,39075.0
45.0,39500.0
18.0,31217.0
83.0,44408.0
14.0,58537.0
59.0,39432.0
25.0,35840.0
53.0,39635.0
16.0,37458.0
30.0,53475.0
44.0,35951.0
54.0,35378.0
72.0,39845.0
31.0,37445.0
59.0,8326.0
60.0,39041.0
56.0,35437.0
69.0,28678.0
21.0,58999.0
33.0,60632.0
59.0,34400.0
49.0,43790.0
66.0,40311.0
49.0,43739.0
15.0,50743.0
17.0,53744.0
30.0,60372.0
76.0,32010.0
61.0,28389.0
75.0,52214.0
25.0,53850.0
27.0,51679.0
51.0,31683.0
55.0,37817.0
54.0,28994.0
49.0,35633.0
72.0,39923.0
22.0,56627.0
25.0,28694.0
35.0,40944.0
63.0,44344.0
21.0,39686.0
63.0,45589.0
8.0,57809.0
22.0,31272.0
27.0,40573.0
41.0,28753.0
55.0,60383.0
50.0,38957.0
24.0,60925.0
27.0,57808.0
62.0,33998.0
60.0,40784.0
56.0,43325.0
58.0,33748.0
61.0,54153.0
20.0,31459.0
31.0,60006.0
24.0,44291.0
10.0,57862.0
20.0,29092.0
70.0,33735.0
47.0,40462.0
21.0,57182.0
44.0,44011.0
18.0,33180.0
20.0,28656.0
15.0,55332.0
38.0,38115.0
28.0,55373.0
18.0,39159.0
83.0,54913.0
46.0,40678.0
27.0,39277.0
66.0,52234.0
39.0,33832.0
47.0,43617.0
51.0,35562.0
24.0,37266.0
57.0,40891.0
45.0,60430.0
65.0,40567.0
22.0,39755.0
27.0,43704.0
63.0,28929.0
45.0,58552.0
